"DESCRIPTION","DURATION IN MS","NAME","PARENT SUITE","START TIME","STATUS","STOP TIME","SUB SUITE","SUITE","TEST CLASS","TEST METHOD"
"Заполняет все поля задачи перед конвертацией в том числе с subtask и sub_subtask.
    Переносятся: название, описание, дата, подзадача (вложенная подзадача), комментарий.
    Майлстоун: закомментирован — ConvertTaskToMilestone не чистит search index, баг заведен APP-5414
    Теряются: приоритет, исполнитель, тип, майлстоун.","0","02. Заполнить все поля Task (+subtask и sub_subtask) перед конвертацией","Frontend","Wed Jul 08 07:55:08 UTC 2026","skipped","Wed Jul 08 07:55:08 UTC 2026","Convert to Milestone","Tasks","",""
"","22732","Sign in via email (OTP)","Frontend","Wed Jul 08 07:46:00 UTC 2026","failed","Wed Jul 08 07:46:22 UTC 2026","","Auth","",""
"Устанавливает и проверяет даты майлстоуна.","0","05. Set and verify dates","Frontend","Wed Jul 08 07:48:12 UTC 2026","skipped","Wed Jul 08 07:48:12 UTC 2026","Fields","Milestones","",""
"
    Smoke-тест: регистрирует новый аккаунт (через smoke_auth_state),
    создаёт Space → открывает дефолтный Project → создаёт Task.
    ","13620","Create space → project → task","Frontend","Wed Jul 08 07:51:11 UTC 2026","failed","Wed Jul 08 07:51:25 UTC 2026","","Smoke","",""
"Клик по назначенному пользователю без ⌘ снимает его.","5526","05. Снять Assignee","Frontend","Wed Jul 08 07:52:25 UTC 2026","passed","Wed Jul 08 07:52:31 UTC 2026","Assignee","Tasks","",""
"Устанавливает приоритет задачи Medium.","5296","01. Установить Medium","Frontend","Wed Jul 08 07:51:48 UTC 2026","passed","Wed Jul 08 07:51:53 UTC 2026","Priority","Tasks","",""
"Устанавливает Green, добавляет Blue через ⌘+клик, проверяет что оба видны.","5263","03. Мультиселект Types (⌘ + клик)","Frontend","Wed Jul 08 07:52:40 UTC 2026","passed","Wed Jul 08 07:52:45 UTC 2026","Type","Tasks","",""
"Проверяет что задачу можно создать в каждой колонке борда.","7526","01. Создать задачу в каждой колонке борда","Frontend","Wed Jul 08 07:51:34 UTC 2026","passed","Wed Jul 08 07:51:42 UTC 2026","Create in Columns","Tasks","",""
"Удаляет задачи col_*, созданные тестом создания в колонках.","5748","99. Cleanup: удалить задачи из колонок","Frontend","Wed Jul 08 07:51:42 UTC 2026","passed","Wed Jul 08 07:51:48 UTC 2026","Create in Columns","Tasks","",""
"Конвертирует задачу в майлстоун через меню сайдбара.","0","03. Конвертировать Task в Milestone","Frontend","Wed Jul 08 07:55:08 UTC 2026","skipped","Wed Jul 08 07:55:08 UTC 2026","Convert to Milestone","Tasks","",""
"Архивирует тестовый майлстоун и подчищает все остальные кроме 'Test milestone'.","65701","99. Cleanup: archive milestone","Frontend","Wed Jul 08 07:49:24 UTC 2026","broken","Wed Jul 08 07:50:29 UTC 2026","Fields","Milestones","",""
"Назначает FirstMember исполнителем.","4479","01. Назначить Assignee","Frontend","Wed Jul 08 07:52:02 UTC 2026","passed","Wed Jul 08 07:52:07 UTC 2026","Assignee","Tasks","",""
"Устанавливает Green+Blue, снимает Green через ⌘+клик, остаётся Blue.","5541","04. Убрать один Type (⌘ + клик)","Frontend","Wed Jul 08 07:52:46 UTC 2026","passed","Wed Jul 08 07:52:51 UTC 2026","Type","Tasks","",""
"Открывает дропдаун, проверяет отображение элементов, выбирает Green.","5073","01. Установить Type Green","Frontend","Wed Jul 08 07:52:31 UTC 2026","passed","Wed Jul 08 07:52:36 UTC 2026","Type","Tasks","",""
"Клик по FirstMember без ⌘ — заменяет SecondMember на FirstMember.","5542","04. Замена без ⌘","Frontend","Wed Jul 08 07:52:19 UTC 2026","passed","Wed Jul 08 07:52:25 UTC 2026","Assignee","Tasks","",""
"Создаёт майлстоун через вкладку Milestones на борде.","37831","01. Create milestone on board","Frontend","Wed Jul 08 07:47:32 UTC 2026","broken","Wed Jul 08 07:48:10 UTC 2026","Fields","Milestones","",""
"","12630","Logout","Frontend","Wed Jul 08 07:44:53 UTC 2026","failed","Wed Jul 08 07:45:05 UTC 2026","","Auth","",""
"Заполняет кастомное текстовое поле задачи.","4171","01. Заполнить Custom Field","Frontend","Wed Jul 08 07:53:30 UTC 2026","passed","Wed Jul 08 07:53:34 UTC 2026","Custom Fields","Tasks","",""
"Добавляет две подзадачи, проверяет счётчик на каждом шаге.","5313","01. Добавить Subtasks и проверить счётчики","Frontend","Wed Jul 08 07:53:39 UTC 2026","passed","Wed Jul 08 07:53:45 UTC 2026","Subtasks","Tasks","",""
"Меняет приоритет задачи с Medium на High.","4111","02. Изменить: Medium → High","Frontend","Wed Jul 08 07:51:54 UTC 2026","passed","Wed Jul 08 07:51:58 UTC 2026","Priority","Tasks","",""
"Проверяет что подзадача с вложенной подподзадачей сохранились после конвертации.","0","05. Subtasks и Sub_Subtasks сохранились после конвертации","Frontend","Wed Jul 08 07:55:08 UTC 2026","skipped","Wed Jul 08 07:55:08 UTC 2026","Convert to Milestone","Tasks","",""
"Добавляет блокер и блокинг задачу.","6128","01. Добавить Blocker и Blocking","Frontend","Wed Jul 08 07:53:24 UTC 2026","passed","Wed Jul 08 07:53:30 UTC 2026","Blockers","Tasks","",""
"Устанавливает тип, сбрасывает через Clear type.","4797","06. Clear type","Frontend","Wed Jul 08 07:52:57 UTC 2026","passed","Wed Jul 08 07:53:02 UTC 2026","Type","Tasks","",""
"Устанавливает дату задачи.","4876","01. Установить Date","Frontend","Wed Jul 08 07:53:19 UTC 2026","passed","Wed Jul 08 07:53:23 UTC 2026","Date","Tasks","",""
"Проверяет что название майлстоуна отображается корректно.","0","02. Verify milestone name","Frontend","Wed Jul 08 07:48:12 UTC 2026","skipped","Wed Jul 08 07:48:12 UTC 2026","Fields","Milestones","",""
"Завершает задачу кликом по чекбоксу на карточке борда (без открытия сайдбара).","6684","02. Complete через чекбокс на карточке борды","Frontend","Wed Jul 08 07:54:02 UTC 2026","passed","Wed Jul 08 07:54:08 UTC 2026","Complete","Tasks","",""
"Отмечает задачу как выполненную (Complete) и снимает отметку(UnComplete).
    Проверяет чекбокс и в сайдбаре, и на карточке борды.","4453","01. Complete через чекбокс в сайдбаре","Frontend","Wed Jul 08 07:53:57 UTC 2026","passed","Wed Jul 08 07:54:02 UTC 2026","Complete","Tasks","",""
"Заполняет описание задачи.","4471","01. Заполнить Description","Frontend","Wed Jul 08 07:53:07 UTC 2026","passed","Wed Jul 08 07:53:12 UTC 2026","Description","Tasks","",""
"Завершает задачу через меню '...' в сайдбаре.","4607","04. Complete через меню сайдбара","Frontend","Wed Jul 08 07:54:13 UTC 2026","passed","Wed Jul 08 07:54:18 UTC 2026","Complete","Tasks","",""
"Снимает приоритет задачи.","4287","03. Сбросить Priority","Frontend","Wed Jul 08 07:51:58 UTC 2026","passed","Wed Jul 08 07:52:02 UTC 2026","Priority","Tasks","",""
"Проверяет навигацию: выбор спейса, видимость проекта, открытие проекта.","5558","Space and project navigation","Frontend","Wed Jul 08 07:51:25 UTC 2026","passed","Wed Jul 08 07:51:31 UTC 2026","","Spaces","",""
"Завершает и снимает завершение задач, проверяет счётчики и прогресс-круги.","0","07. Verify task completion counters","Frontend","Wed Jul 08 07:48:12 UTC 2026","skipped","Wed Jul 08 07:48:12 UTC 2026","Fields","Milestones","",""
"Открывает сабтаску на борде, проверяет milestone field,
    переходит на майлстоун по бейджу и проверяет перенос полей.","0","04. Проверить поля Milestone через Subtask","Frontend","Wed Jul 08 07:55:08 UTC 2026","skipped","Wed Jul 08 07:55:08 UTC 2026","Convert to Milestone","Tasks","",""
"Завершает задачу через контекстное меню карточки на борде.","4411","03. Complete через меню карточки на борде","Frontend","Wed Jul 08 07:54:09 UTC 2026","passed","Wed Jul 08 07:54:13 UTC 2026","Complete","Tasks","",""
"Добавляет две задачи в майлстоун, проверяет счётчик на каждом шаге.

    Обратную связь (МС виден в карточке задачи) проверяет API-тест
    test_tasks_visibility_in_correct_milestones — кросс-навигация на E2E не нужна.
    ","0","06. Add tasks and verify counters","Frontend","Wed Jul 08 07:48:12 UTC 2026","skipped","Wed Jul 08 07:48:12 UTC 2026","Fields","Milestones","",""
"Завершает и снимает завершение подзадач, проверяет счётчики.

    Открывается на полную страницу — подзадачи рендерятся сразу,
    без проблем с загрузкой и скроллом сайдбара.
    ","6030","02. Завершить Subtask и проверить счётчики","Frontend","Wed Jul 08 07:53:45 UTC 2026","passed","Wed Jul 08 07:53:51 UTC 2026","Subtasks","Tasks","",""
"Добавляет комментарий к майлстоуну и проверяет.","0","09. Add comment and verify","Frontend","Wed Jul 08 07:48:12 UTC 2026","skipped","Wed Jul 08 07:48:12 UTC 2026","Fields","Milestones","",""
"Заполняет и проверяет короткое описание майлстоуна.","0","03. Set short description","Frontend","Wed Jul 08 07:48:12 UTC 2026","skipped","Wed Jul 08 07:48:12 UTC 2026","Fields","Milestones","",""
"","25922","Sign up with email (OTP)","Frontend","Wed Jul 08 07:47:06 UTC 2026","failed","Wed Jul 08 07:47:32 UTC 2026","","Auth","",""
"","15231","Sign in via email (password)","Frontend","Wed Jul 08 07:45:26 UTC 2026","failed","Wed Jul 08 07:45:41 UTC 2026","","Auth","",""
"Удаляет сабтаски с борды, затем архивирует майлстоуны.","37916","99. Очистка: удалить Subtask и архивировать Milestone","Frontend","Wed Jul 08 07:56:04 UTC 2026","broken","Wed Jul 08 07:56:42 UTC 2026","Convert to Milestone","Tasks","",""
"Добавляет SecondMember через ⌘+клик, оба назначены.","5911","02. Мультиселект (⌘ + клик)","Frontend","Wed Jul 08 07:52:07 UTC 2026","passed","Wed Jul 08 07:52:13 UTC 2026","Assignee","Tasks","",""
"Заполняет и проверяет описание майлстоуна (tiptap-редактор после секции задач).","0","04. Set and verify description","Frontend","Wed Jul 08 07:48:12 UTC 2026","skipped","Wed Jul 08 07:48:12 UTC 2026","Fields","Milestones","",""
"Удаляет подзадачи из таблицы задачи, проверяет уменьшение счётчика.","6147","03. Удалить Subtask и проверить счётчики","Frontend","Wed Jul 08 07:53:51 UTC 2026","passed","Wed Jul 08 07:53:57 UTC 2026","Subtasks","Tasks","",""
"Добавляет комментарий к задаче.","4919","01. Добавить Comment","Frontend","Wed Jul 08 07:53:34 UTC 2026","passed","Wed Jul 08 07:53:39 UTC 2026","Comments","Tasks","",""
"Устанавливает Green+Blue, клик по Pink без ⌘ — заменяет все на Pink.","5366","05. Замена Types без ⌘","Frontend","Wed Jul 08 07:52:51 UTC 2026","passed","Wed Jul 08 07:52:57 UTC 2026","Type","Tasks","",""
"Удаляет все карточки с борды и архивирует созданные майлстоуны.","38282","99. Очистка","Frontend","Wed Jul 08 07:57:34 UTC 2026","broken","Wed Jul 08 07:58:12 UTC 2026","Lifecycle","Tasks","",""
"Проверяет фильтрацию по поиску в дропдауне Types.","4096","02. Search в дропдауне","Frontend","Wed Jul 08 07:52:36 UTC 2026","passed","Wed Jul 08 07:52:40 UTC 2026","Type","Tasks","",""
"Проверяет форму создания нового типа: инпут, кнопка Add, цвета и иконки.","5234","07. New type: форма создания типа","Frontend","Wed Jul 08 07:53:02 UTC 2026","passed","Wed Jul 08 07:53:07 UTC 2026","Type","Tasks","",""
"Создаёт задачу, которая будет конвертирована в майлстоун.","48200","01. Создать Task для конвертации","Frontend","Wed Jul 08 07:54:18 UTC 2026","broken","Wed Jul 08 07:55:06 UTC 2026","Convert to Milestone","Tasks","",""
"Проверяет что вкладка Activities отображается.","0","10. Verify Activities tab","Frontend","Wed Jul 08 07:48:12 UTC 2026","skipped","Wed Jul 08 07:48:12 UTC 2026","Fields","Milestones","",""
"Снимает FirstMember через ⌘+клик, остаётся SecondMember.","6292","03. Убрать одного (⌘ + клик)","Frontend","Wed Jul 08 07:52:13 UTC 2026","passed","Wed Jul 08 07:52:19 UTC 2026","Assignee","Tasks","",""
"Создаёт майлстоуны из dropdown задачи, проверяет мульти-назначение и удаление.","6718","01. Создать, выбрать и удалить Milestones","Frontend","Wed Jul 08 07:53:12 UTC 2026","passed","Wed Jul 08 07:53:18 UTC 2026","Milestones","Tasks","",""
"Удаляет задачи из таблицы майлстоуна, проверяет уменьшение счётчика.","0","08. Delete tasks and verify counters","Frontend","Wed Jul 08 07:48:12 UTC 2026","skipped","Wed Jul 08 07:48:12 UTC 2026","Fields","Milestones","",""
